"id","cause","resource_type","resource_id","consequence","frequency","costType","risk_id","created_at","updated_at"
591,1,App\Models\Man,1,1,51,scrap,1,2025-05-05 00:00:00.000,2025-07-11 08:33:16.000
592,1,App\Models\Man,1,1,51,finishing,1,2025-05-05 00:00:00.000,2025-07-11 08:33:16.000
593,1,App\Models\Man,1,1,52,scrap,1,2025-05-06 00:00:00.000,2025-07-11 08:33:16.000
594,1,App\Models\Man,1,1,52,finishing,1,2025-05-06 00:00:00.000,2025-07-11 08:33:16.000
595,1,App\Models\Man,1,1,60,scrap,1,2025-05-07 00:00:00.000,2025-07-11 08:33:16.000
596,1,App\Models\Man,1,1,60,finishing,1,2025-05-07 00:00:00.000,2025-07-11 08:33:16.000
597,1,App\Models\Man,1,1,55,scrap,1,2025-05-08 00:00:00.000,2025-07-11 08:33:16.000
598,1,App\Models\Man,1,1,55,finishing,1,2025-05-08 00:00:00.000,2025-07-11 08:33:16.000
599,1,App\Models\Man,1,1,48,scrap,1,2025-05-09 00:00:00.000,2025-07-11 08:33:16.000
600,1,App\Models\Man,1,1,48,finishing,1,2025-05-09 00:00:00.000,2025-07-11 08:33:16.000
601,1,App\Models\Man,1,1,36,scrap,1,2025-05-12 00:00:00.000,2025-07-11 08:33:16.000
602,1,App\Models\Man,1,1,36,finishing,1,2025-05-12 00:00:00.000,2025-07-11 08:33:16.000
603,1,App\Models\Man,1,1,37,scrap,1,2025-05-13 00:00:00.000,2025-07-11 08:33:16.000
604,1,App\Models\Man,1,1,37,finishing,1,2025-05-13 00:00:00.000,2025-07-11 08:33:16.000
605,1,App\Models\Man,1,1,35,scrap,1,2025-05-14 00:00:00.000,2025-07-11 08:33:16.000
606,1,App\Models\Man,1,1,35,finishing,1,2025-05-14 00:00:00.000,2025-07-11 08:33:16.000
607,1,App\Models\Man,1,1,46,scrap,1,2025-05-15 00:00:00.000,2025-07-11 08:33:16.000
608,1,App\Models\Man,1,1,46,finishing,1,2025-05-15 00:00:00.000,2025-07-11 08:33:16.000
609,1,App\Models\Man,1,1,46,scrap,1,2025-05-16 00:00:00.000,2025-07-11 08:33:16.000
610,1,App\Models\Man,1,1,46,finishing,1,2025-05-16 00:00:00.000,2025-07-11 08:33:16.000
611,1,App\Models\Man,1,1,55,scrap,1,2025-05-19 00:00:00.000,2025-07-11 08:33:16.000
612,1,App\Models\Man,1,1,55,finishing,1,2025-05-19 00:00:00.000,2025-07-11 08:33:16.000
613,1,App\Models\Man,1,1,34,scrap,1,2025-05-20 00:00:00.000,2025-07-11 08:33:16.000
614,1,App\Models\Man,1,1,34,finishing,1,2025-05-20 00:00:00.000,2025-07-11 08:33:16.000
615,1,App\Models\Man,1,1,34,scrap,1,2025-05-21 00:00:00.000,2025-07-11 08:33:16.000
616,1,App\Models\Man,1,1,34,finishing,1,2025-05-21 00:00:00.000,2025-07-11 08:33:16.000
617,1,App\Models\Man,1,1,57,scrap,1,2025-05-22 00:00:00.000,2025-07-11 08:33:16.000
618,1,App\Models\Man,1,1,57,finishing,1,2025-05-22 00:00:00.000,2025-07-11 08:33:16.000
619,1,App\Models\Man,1,1,37,scrap,1,2025-05-23 00:00:00.000,2025-07-11 08:33:16.000
620,1,App\Models\Man,1,1,37,finishing,1,2025-05-23 00:00:00.000,2025-07-11 08:33:16.000
621,1,App\Models\Man,1,1,57,scrap,1,2025-05-26 00:00:00.000,2025-07-11 08:33:16.000
622,1,App\Models\Man,1,1,57,finishing,1,2025-05-26 00:00:00.000,2025-07-11 08:33:16.000
623,1,App\Models\Man,1,1,57,scrap,1,2025-05-27 00:00:00.000,2025-07-11 08:33:16.000
624,1,App\Models\Man,1,1,57,finishing,1,2025-05-27 00:00:00.000,2025-07-11 08:33:16.000
625,1,App\Models\Man,1,1,40,scrap,1,2025-05-28 00:00:00.000,2025-07-11 08:33:16.000
626,1,App\Models\Man,1,1,40,finishing,1,2025-05-28 00:00:00.000,2025-07-11 08:33:16.000
627,1,App\Models\Man,1,1,49,scrap,1,2025-05-29 00:00:00.000,2025-07-11 08:33:16.000
628,1,App\Models\Man,1,1,49,finishing,1,2025-05-29 00:00:00.000,2025-07-11 08:33:16.000
629,1,App\Models\Man,1,1,45,scrap,1,2025-05-30 00:00:00.000,2025-07-11 08:33:16.000
630,1,App\Models\Man,1,1,45,finishing,1,2025-05-30 00:00:00.000,2025-07-11 08:33:16.000
631,1,App\Models\Man,1,1,54,scrap,1,2025-06-02 00:00:00.000,2025-07-11 08:33:16.000
632,1,App\Models\Man,1,1,54,finishing,1,2025-06-02 00:00:00.000,2025-07-11 08:33:16.000
633,1,App\Models\Man,1,1,45,scrap,1,2025-06-03 00:00:00.000,2025-07-11 08:33:16.000
634,1,App\Models\Man,1,1,45,finishing,1,2025-06-03 00:00:00.000,2025-07-11 08:33:16.000
635,1,App\Models\Man,1,1,41,scrap,1,2025-06-04 00:00:00.000,2025-07-11 08:33:16.000
636,1,App\Models\Man,1,1,41,finishing,1,2025-06-04 00:00:00.000,2025-07-11 08:33:16.000
637,1,App\Models\Man,1,1,31,scrap,1,2025-06-05 00:00:00.000,2025-07-11 08:33:16.000
638,1,App\Models\Man,1,1,31,finishing,1,2025-06-05 00:00:00.000,2025-07-11 08:33:16.000
639,1,App\Models\Man,1,1,58,scrap,1,2025-06-06 00:00:00.000,2025-07-11 08:33:16.000
640,1,App\Models\Man,1,1,58,finishing,1,2025-06-06 00:00:00.000,2025-07-11 08:33:16.000
641,1,App\Models\Man,1,1,41,scrap,1,2025-06-09 00:00:00.000,2025-07-11 08:33:16.000
642,1,App\Models\Man,1,1,41,finishing,1,2025-06-09 00:00:00.000,2025-07-11 08:33:16.000
643,1,App\Models\Man,1,1,34,scrap,1,2025-06-10 00:00:00.000,2025-07-11 08:33:16.000
644,1,App\Models\Man,1,1,34,finishing,1,2025-06-10 00:00:00.000,2025-07-11 08:33:16.000
645,1,App\Models\Man,1,1,51,scrap,1,2025-06-11 00:00:00.000,2025-07-11 08:33:16.000
646,1,App\Models\Man,1,1,51,finishing,1,2025-06-11 00:00:00.000,2025-07-11 08:33:16.000
647,1,App\Models\Man,1,1,49,scrap,1,2025-06-12 00:00:00.000,2025-07-11 08:33:16.000
648,1,App\Models\Man,1,1,49,finishing,1,2025-06-12 00:00:00.000,2025-07-11 08:33:16.000
649,1,App\Models\Man,1,1,37,scrap,1,2025-06-13 00:00:00.000,2025-07-11 08:33:16.000
650,1,App\Models\Man,1,1,37,finishing,1,2025-06-13 00:00:00.000,2025-07-11 08:33:16.000
651,1,App\Models\Man,1,1,30,scrap,1,2025-06-16 00:00:00.000,2025-07-11 08:33:16.000
652,1,App\Models\Man,1,1,30,finishing,1,2025-06-16 00:00:00.000,2025-07-11 08:33:16.000
653,1,App\Models\Man,1,1,30,scrap,1,2025-06-17 00:00:00.000,2025-07-11 08:33:16.000
654,1,App\Models\Man,1,1,30,finishing,1,2025-06-17 00:00:00.000,2025-07-11 08:33:16.000
655,1,App\Models\Man,1,1,39,scrap,1,2025-06-18 00:00:00.000,2025-07-11 08:33:16.000
656,1,App\Models\Man,1,1,39,finishing,1,2025-06-18 00:00:00.000,2025-07-11 08:33:16.000
657,1,App\Models\Man,1,1,41,scrap,1,2025-06-19 00:00:00.000,2025-07-11 08:33:16.000
658,1,App\Models\Man,1,1,41,finishing,1,2025-06-19 00:00:00.000,2025-07-11 08:33:16.000
659,1,App\Models\Man,1,1,59,scrap,1,2025-06-20 00:00:00.000,2025-07-11 08:33:16.000
660,1,App\Models\Man,1,1,59,finishing,1,2025-06-20 00:00:00.000,2025-07-11 08:33:16.000
661,1,App\Models\Man,1,1,55,scrap,1,2025-06-23 00:00:00.000,2025-07-11 08:33:16.000
662,1,App\Models\Man,1,1,55,finishing,1,2025-06-23 00:00:00.000,2025-07-11 08:33:16.000
663,1,App\Models\Man,1,1,33,scrap,1,2025-06-24 00:00:00.000,2025-07-11 08:33:16.000
664,1,App\Models\Man,1,1,33,finishing,1,2025-06-24 00:00:00.000,2025-07-11 08:33:16.000
665,1,App\Models\Man,1,1,30,scrap,1,2025-06-25 00:00:00.000,2025-07-11 08:33:16.000
666,1,App\Models\Man,1,1,30,finishing,1,2025-06-25 00:00:00.000,2025-07-11 08:33:16.000
667,1,App\Models\Man,1,1,53,scrap,1,2025-06-26 00:00:00.000,2025-07-11 08:33:16.000
668,1,App\Models\Man,1,1,53,finishing,1,2025-06-26 00:00:00.000,2025-07-11 08:33:16.000
669,1,App\Models\Man,1,1,51,scrap,1,2025-06-27 00:00:00.000,2025-07-11 08:33:16.000
670,1,App\Models\Man,1,1,51,finishing,1,2025-06-27 00:00:00.000,2025-07-11 08:33:16.000
671,1,App\Models\Man,1,1,32,scrap,1,2025-06-30 00:00:00.000,2025-07-11 08:33:16.000
672,1,App\Models\Man,1,1,32,finishing,1,2025-06-30 00:00:00.000,2025-07-11 08:33:16.000
673,1,App\Models\Man,1,1,40,scrap,1,2025-07-01 00:00:00.000,2025-07-11 08:33:16.000
674,1,App\Models\Man,1,1,40,finishing,1,2025-07-01 00:00:00.000,2025-07-11 08:33:16.000
675,1,App\Models\Man,1,1,45,scrap,1,2025-07-02 00:00:00.000,2025-07-11 08:33:16.000
676,1,App\Models\Man,1,1,45,finishing,1,2025-07-02 00:00:00.000,2025-07-11 08:33:16.000
677,1,App\Models\Man,1,1,41,scrap,1,2025-07-03 00:00:00.000,2025-07-11 08:33:16.000
678,1,App\Models\Man,1,1,41,finishing,1,2025-07-03 00:00:00.000,2025-07-11 08:33:16.000
679,1,App\Models\Man,1,1,33,scrap,1,2025-07-04 00:00:00.000,2025-07-11 08:33:16.000
680,1,App\Models\Man,1,1,33,finishing,1,2025-07-04 00:00:00.000,2025-07-11 08:33:16.000
681,1,App\Models\Man,1,1,41,scrap,1,2025-07-07 00:00:00.000,2025-07-11 08:33:16.000
682,1,App\Models\Man,1,1,41,finishing,1,2025-07-07 00:00:00.000,2025-07-11 08:33:16.000
683,1,App\Models\Man,1,1,42,scrap,1,2025-07-08 00:00:00.000,2025-07-11 08:33:16.000
684,1,App\Models\Man,1,1,42,finishing,1,2025-07-08 00:00:00.000,2025-07-11 08:33:16.000
685,1,App\Models\Man,1,1,31,scrap,1,2025-07-09 00:00:00.000,2025-07-11 08:33:16.000
686,1,App\Models\Man,1,1,31,finishing,1,2025-07-09 00:00:00.000,2025-07-11 08:33:16.000
687,1,App\Models\Man,1,1,58,scrap,1,2025-07-10 00:00:00.000,2025-07-11 08:33:16.000
688,1,App\Models\Man,1,1,58,finishing,1,2025-07-10 00:00:00.000,2025-07-11 08:33:16.000
689,1,App\Models\Man,1,1,39,scrap,1,2025-07-11 00:00:00.000,2025-07-11 08:33:16.000
690,1,App\Models\Man,1,1,39,finishing,1,2025-07-11 00:00:00.000,2025-07-11 08:33:16.000
691,1,App\Models\Man,1,1,51,scrap,1,2025-07-14 00:00:00.000,2025-07-11 08:33:16.000
692,1,App\Models\Man,1,1,51,finishing,1,2025-07-14 00:00:00.000,2025-07-11 08:33:16.000
693,1,App\Models\Man,1,1,52,scrap,1,2025-07-15 00:00:00.000,2025-07-11 08:33:16.000
694,1,App\Models\Man,1,1,52,finishing,1,2025-07-15 00:00:00.000,2025-07-11 08:33:16.000
695,1,App\Models\Man,1,1,60,scrap,1,2025-07-16 00:00:00.000,2025-07-11 08:33:16.000
696,1,App\Models\Man,1,1,60,finishing,1,2025-07-16 00:00:00.000,2025-07-11 08:33:16.000
697,1,App\Models\Man,1,1,55,scrap,1,2025-07-17 00:00:00.000,2025-07-11 08:33:16.000
698,1,App\Models\Man,1,1,55,finishing,1,2025-07-17 00:00:00.000,2025-07-11 08:33:16.000
699,1,App\Models\Man,1,1,48,scrap,1,2025-07-18 00:00:00.000,2025-07-11 08:33:16.000
700,1,App\Models\Man,1,1,48,finishing,1,2025-07-18 00:00:00.000,2025-07-11 08:33:16.000
701,1,App\Models\Man,1,1,36,scrap,1,2025-07-21 00:00:00.000,2025-07-11 08:33:16.000
702,1,App\Models\Man,1,1,36,finishing,1,2025-07-21 00:00:00.000,2025-07-11 08:33:16.000
703,1,App\Models\Man,1,1,37,scrap,1,2025-07-22 00:00:00.000,2025-07-11 08:33:16.000
704,1,App\Models\Man,1,1,37,finishing,1,2025-07-22 00:00:00.000,2025-07-11 08:33:16.000
705,1,App\Models\Man,1,1,35,scrap,1,2025-07-23 00:00:00.000,2025-07-11 08:33:16.000
706,1,App\Models\Man,1,1,35,finishing,1,2025-07-23 00:00:00.000,2025-07-11 08:33:16.000
707,1,App\Models\Man,1,1,46,scrap,1,2025-07-24 00:00:00.000,2025-07-11 08:33:16.000
708,1,App\Models\Man,1,1,46,finishing,1,2025-07-24 00:00:00.000,2025-07-11 08:33:16.000
709,1,App\Models\Man,1,1,46,scrap,1,2025-07-25 00:00:00.000,2025-07-11 08:33:16.000
710,1,App\Models\Man,1,1,46,finishing,1,2025-07-25 00:00:00.000,2025-07-11 08:33:16.000
711,1,App\Models\Man,1,1,55,scrap,1,2025-07-28 00:00:00.000,2025-07-11 08:33:16.000
712,1,App\Models\Man,1,1,55,finishing,1,2025-07-28 00:00:00.000,2025-07-11 08:33:16.000
713,1,App\Models\Man,1,1,34,scrap,1,2025-07-29 00:00:00.000,2025-07-11 08:33:16.000
714,1,App\Models\Man,1,1,34,finishing,1,2025-07-29 00:00:00.000,2025-07-11 08:33:16.000
715,1,App\Models\Man,1,1,34,scrap,1,2025-07-30 00:00:00.000,2025-07-11 08:33:16.000
716,1,App\Models\Man,1,1,34,finishing,1,2025-07-30 00:00:00.000,2025-07-11 08:33:16.000
717,1,App\Models\Man,1,1,57,scrap,1,2025-07-31 00:00:00.000,2025-07-11 08:33:16.000
718,1,App\Models\Man,1,1,57,finishing,1,2025-07-31 00:00:00.000,2025-07-11 08:33:16.000
719,1,App\Models\Man,1,1,37,scrap,1,2025-08-01 00:00:00.000,2025-07-11 08:33:16.000
720,1,App\Models\Man,1,1,37,finishing,1,2025-08-01 00:00:00.000,2025-07-11 08:33:16.000
721,1,App\Models\Man,1,1,57,scrap,1,2025-08-04 00:00:00.000,2025-07-11 08:33:16.000
722,1,App\Models\Man,1,1,57,finishing,1,2025-08-04 00:00:00.000,2025-07-11 08:33:16.000
723,1,App\Models\Man,1,1,57,scrap,1,2025-08-05 00:00:00.000,2025-07-11 08:33:16.000
724,1,App\Models\Man,1,1,57,finishing,1,2025-08-05 00:00:00.000,2025-07-11 08:33:16.000
725,1,App\Models\Man,1,1,40,scrap,1,2025-08-06 00:00:00.000,2025-07-11 08:33:16.000
726,1,App\Models\Man,1,1,40,finishing,1,2025-08-06 00:00:00.000,2025-07-11 08:33:16.000
727,1,App\Models\Man,1,1,49,scrap,1,2025-08-07 00:00:00.000,2025-07-11 08:33:16.000
728,1,App\Models\Man,1,1,49,finishing,1,2025-08-07 00:00:00.000,2025-07-11 08:33:16.000
729,1,App\Models\Man,1,1,45,scrap,1,2025-08-08 00:00:00.000,2025-07-11 08:33:16.000
730,1,App\Models\Man,1,1,45,finishing,1,2025-08-08 00:00:00.000,2025-07-11 08:33:16.000
731,1,App\Models\Man,1,1,54,scrap,1,2025-08-11 00:00:00.000,2025-07-11 08:33:16.000
732,1,App\Models\Man,1,1,54,finishing,1,2025-08-11 00:00:00.000,2025-07-11 08:33:16.000
733,1,App\Models\Man,1,1,45,scrap,1,2025-08-12 00:00:00.000,2025-07-11 08:33:16.000
734,1,App\Models\Man,1,1,45,finishing,1,2025-08-12 00:00:00.000,2025-07-11 08:33:16.000
735,1,App\Models\Man,1,1,41,scrap,1,2025-08-13 00:00:00.000,2025-07-11 08:33:16.000
736,1,App\Models\Man,1,1,41,finishing,1,2025-08-13 00:00:00.000,2025-07-11 08:33:16.000
737,1,App\Models\Man,1,1,31,scrap,1,2025-08-14 00:00:00.000,2025-07-11 08:33:16.000
738,1,App\Models\Man,1,1,31,finishing,1,2025-08-14 00:00:00.000,2025-07-11 08:33:16.000
739,1,App\Models\Man,1,1,58,scrap,1,2025-08-15 00:00:00.000,2025-07-11 08:33:16.000
740,1,App\Models\Man,1,1,58,finishing,1,2025-08-15 00:00:00.000,2025-07-11 08:33:16.000
741,1,App\Models\Man,1,1,41,scrap,1,2025-08-18 00:00:00.000,2025-07-11 08:33:16.000
742,1,App\Models\Man,1,1,41,finishing,1,2025-08-18 00:00:00.000,2025-07-11 08:33:16.000
743,1,App\Models\Man,1,1,34,scrap,1,2025-08-19 00:00:00.000,2025-07-11 08:33:16.000
744,1,App\Models\Man,1,1,34,finishing,1,2025-08-19 00:00:00.000,2025-07-11 08:33:16.000
745,1,App\Models\Man,1,1,51,scrap,1,2025-08-20 00:00:00.000,2025-07-11 08:33:16.000
746,1,App\Models\Man,1,1,51,finishing,1,2025-08-20 00:00:00.000,2025-07-11 08:33:16.000
747,1,App\Models\Man,1,1,49,scrap,1,2025-08-21 00:00:00.000,2025-07-11 08:33:16.000
748,1,App\Models\Man,1,1,49,finishing,1,2025-08-21 00:00:00.000,2025-07-11 08:33:16.000
749,1,App\Models\Man,1,1,37,scrap,1,2025-08-22 00:00:00.000,2025-07-11 08:33:16.000
750,1,App\Models\Man,1,1,37,finishing,1,2025-08-22 00:00:00.000,2025-07-11 08:33:16.000
751,1,App\Models\Man,1,1,30,scrap,1,2025-08-25 00:00:00.000,2025-07-11 08:33:16.000
752,1,App\Models\Man,1,1,30,finishing,1,2025-08-25 00:00:00.000,2025-07-11 08:33:16.000
753,1,App\Models\Man,1,1,30,scrap,1,2025-08-26 00:00:00.000,2025-07-11 08:33:16.000
754,1,App\Models\Man,1,1,30,finishing,1,2025-08-26 00:00:00.000,2025-07-11 08:33:16.000
755,1,App\Models\Man,1,1,39,scrap,1,2025-08-27 00:00:00.000,2025-07-11 08:33:16.000
756,1,App\Models\Man,1,1,39,finishing,1,2025-08-27 00:00:00.000,2025-07-11 08:33:16.000
757,1,App\Models\Man,1,1,41,scrap,1,2025-08-28 00:00:00.000,2025-07-11 08:33:16.000
758,1,App\Models\Man,1,1,41,finishing,1,2025-08-28 00:00:00.000,2025-07-11 08:33:16.000
759,1,App\Models\Man,1,1,59,scrap,1,2025-08-29 00:00:00.000,2025-07-11 08:33:16.000
760,1,App\Models\Man,1,1,59,finishing,1,2025-08-29 00:00:00.000,2025-07-11 08:33:16.000
761,1,App\Models\Man,1,1,55,scrap,1,2025-09-01 00:00:00.000,2025-07-11 08:33:16.000
762,1,App\Models\Man,1,1,55,finishing,1,2025-09-01 00:00:00.000,2025-07-11 08:33:16.000
763,1,App\Models\Man,1,1,33,scrap,1,2025-09-02 00:00:00.000,2025-07-11 08:33:16.000
764,1,App\Models\Man,1,1,33,finishing,1,2025-09-02 00:00:00.000,2025-07-11 08:33:16.000
765,1,App\Models\Man,1,1,30,scrap,1,2025-09-03 00:00:00.000,2025-07-11 08:33:16.000
766,1,App\Models\Man,1,1,30,finishing,1,2025-09-03 00:00:00.000,2025-07-11 08:33:16.000
767,1,App\Models\Man,1,1,53,scrap,1,2025-09-04 00:00:00.000,2025-07-11 08:33:16.000
768,1,App\Models\Man,1,1,53,finishing,1,2025-09-04 00:00:00.000,2025-07-11 08:33:16.000
769,1,App\Models\Man,1,1,51,scrap,1,2025-09-05 00:00:00.000,2025-07-11 08:33:16.000
770,1,App\Models\Man,1,1,51,finishing,1,2025-09-05 00:00:00.000,2025-07-11 08:33:16.000
771,1,App\Models\Man,1,1,32,scrap,1,2025-09-08 00:00:00.000,2025-07-11 08:33:16.000
772,1,App\Models\Man,1,1,32,finishing,1,2025-09-08 00:00:00.000,2025-07-11 08:33:16.000
773,1,App\Models\Man,1,1,40,scrap,1,2025-09-09 00:00:00.000,2025-07-11 08:33:16.000
774,1,App\Models\Man,1,1,40,finishing,1,2025-09-09 00:00:00.000,2025-07-11 08:33:16.000
775,1,App\Models\Man,1,1,45,scrap,1,2025-09-10 00:00:00.000,2025-07-11 08:33:16.000
776,1,App\Models\Man,1,1,45,finishing,1,2025-09-10 00:00:00.000,2025-07-11 08:33:16.000
777,1,App\Models\Man,1,1,41,scrap,1,2025-09-11 00:00:00.000,2025-07-11 08:33:16.000
778,1,App\Models\Man,1,1,41,finishing,1,2025-09-11 00:00:00.000,2025-07-11 08:33:16.000
779,1,App\Models\Man,1,1,33,scrap,1,2025-09-12 00:00:00.000,2025-07-11 08:33:16.000
780,1,App\Models\Man,1,1,33,finishing,1,2025-09-12 00:00:00.000,2025-07-11 08:33:16.000
781,1,App\Models\Man,1,1,41,scrap,1,2025-09-15 00:00:00.000,2025-07-11 08:33:16.000
782,1,App\Models\Man,1,1,41,finishing,1,2025-09-15 00:00:00.000,2025-07-11 08:33:16.000
783,1,App\Models\Man,1,1,42,scrap,1,2025-09-16 00:00:00.000,2025-07-11 08:33:16.000
784,1,App\Models\Man,1,1,42,finishing,1,2025-09-16 00:00:00.000,2025-07-11 08:33:16.000
785,1,App\Models\Man,1,1,31,scrap,1,2025-09-17 00:00:00.000,2025-07-11 08:33:16.000
786,1,App\Models\Man,1,1,31,finishing,1,2025-09-17 00:00:00.000,2025-07-11 08:33:16.000
787,1,App\Models\Man,1,1,58,scrap,1,2025-09-18 00:00:00.000,2025-07-11 08:33:16.000
788,1,App\Models\Man,1,1,58,finishing,1,2025-09-18 00:00:00.000,2025-07-11 08:33:16.000
789,1,App\Models\Man,1,1,39,scrap,1,2025-09-19 00:00:00.000,2025-07-11 08:33:16.000
790,1,App\Models\Man,1,1,39,finishing,1,2025-09-19 00:00:00.000,2025-07-11 08:33:16.000
791,1,App\Models\Man,1,1,51,scrap,1,2025-09-22 00:00:00.000,2025-07-11 08:33:16.000
792,1,App\Models\Man,1,1,51,finishing,1,2025-09-22 00:00:00.000,2025-07-11 08:33:16.000
793,1,App\Models\Man,1,1,52,scrap,1,2025-09-23 00:00:00.000,2025-07-11 08:33:16.000
794,1,App\Models\Man,1,1,52,finishing,1,2025-09-23 00:00:00.000,2025-07-11 08:33:16.000
795,1,App\Models\Man,1,1,60,scrap,1,2025-09-24 00:00:00.000,2025-07-11 08:33:16.000
796,1,App\Models\Man,1,1,60,finishing,1,2025-09-24 00:00:00.000,2025-07-11 08:33:16.000
797,1,App\Models\Man,1,1,55,scrap,1,2025-09-25 00:00:00.000,2025-07-11 08:33:16.000
798,1,App\Models\Man,1,1,55,finishing,1,2025-09-25 00:00:00.000,2025-07-11 08:33:16.000
799,1,App\Models\Man,1,1,48,scrap,1,2025-09-26 00:00:00.000,2025-07-11 08:33:16.000
800,1,App\Models\Man,1,1,48,finishing,1,2025-09-26 00:00:00.000,2025-07-11 08:33:16.000
801,1,App\Models\Man,1,1,36,scrap,1,2025-09-29 00:00:00.000,2025-07-11 08:33:16.000
802,1,App\Models\Man,1,1,36,finishing,1,2025-09-29 00:00:00.000,2025-07-11 08:33:16.000
803,1,App\Models\Man,1,1,37,scrap,1,2025-09-30 00:00:00.000,2025-07-11 08:33:16.000
804,1,App\Models\Man,1,1,37,finishing,1,2025-09-30 00:00:00.000,2025-07-11 08:33:16.000
805,1,App\Models\Man,1,1,35,scrap,1,2025-10-01 00:00:00.000,2025-07-11 08:33:16.000
806,1,App\Models\Man,1,1,35,finishing,1,2025-10-01 00:00:00.000,2025-07-11 08:33:16.000
807,1,App\Models\Man,1,1,46,scrap,1,2025-10-02 00:00:00.000,2025-07-11 08:33:16.000
808,1,App\Models\Man,1,1,46,finishing,1,2025-10-02 00:00:00.000,2025-07-11 08:33:16.000
809,1,App\Models\Man,1,1,46,scrap,1,2025-10-03 00:00:00.000,2025-07-11 08:33:16.000
810,1,App\Models\Man,1,1,46,finishing,1,2025-10-03 00:00:00.000,2025-07-11 08:33:16.000
811,1,App\Models\Man,1,1,55,scrap,1,2025-10-06 00:00:00.000,2025-07-11 08:33:16.000
812,1,App\Models\Man,1,1,55,finishing,1,2025-10-06 00:00:00.000,2025-07-11 08:33:16.000
813,1,App\Models\Man,1,1,34,scrap,1,2025-10-07 00:00:00.000,2025-07-11 08:33:16.000
814,1,App\Models\Man,1,1,34,finishing,1,2025-10-07 00:00:00.000,2025-07-11 08:33:16.000
815,1,App\Models\Man,1,1,34,scrap,1,2025-10-08 00:00:00.000,2025-07-11 08:33:16.000
816,1,App\Models\Man,1,1,34,finishing,1,2025-10-08 00:00:00.000,2025-07-11 08:33:16.000
817,1,App\Models\Man,1,1,57,scrap,1,2025-10-09 00:00:00.000,2025-07-11 08:33:16.000
818,1,App\Models\Man,1,1,57,finishing,1,2025-10-09 00:00:00.000,2025-07-11 08:33:16.000
819,1,App\Models\Man,1,1,37,scrap,1,2025-10-10 00:00:00.000,2025-07-11 08:33:16.000
820,1,App\Models\Man,1,1,37,finishing,1,2025-10-10 00:00:00.000,2025-07-11 08:33:16.000
821,1,App\Models\Man,1,1,57,scrap,1,2025-10-13 00:00:00.000,2025-07-11 08:33:16.000
822,1,App\Models\Man,1,1,57,finishing,1,2025-10-13 00:00:00.000,2025-07-11 08:33:16.000
823,1,App\Models\Man,1,1,57,scrap,1,2025-10-14 00:00:00.000,2025-07-11 08:33:16.000
824,1,App\Models\Man,1,1,57,finishing,1,2025-10-14 00:00:00.000,2025-07-11 08:33:16.000
825,1,App\Models\Man,1,1,40,scrap,1,2025-10-15 00:00:00.000,2025-07-11 08:33:16.000
826,1,App\Models\Man,1,1,40,finishing,1,2025-10-15 00:00:00.000,2025-07-11 08:33:16.000
827,1,App\Models\Man,1,1,49,scrap,1,2025-10-16 00:00:00.000,2025-07-11 08:33:16.000
828,1,App\Models\Man,1,1,49,finishing,1,2025-10-16 00:00:00.000,2025-07-11 08:33:16.000
829,1,App\Models\Man,1,1,45,scrap,1,2025-10-17 00:00:00.000,2025-07-11 08:33:16.000
830,1,App\Models\Man,1,1,45,finishing,1,2025-10-17 00:00:00.000,2025-07-11 08:33:16.000
831,1,App\Models\Man,1,1,54,scrap,1,2025-10-20 00:00:00.000,2025-07-11 08:33:16.000
832,1,App\Models\Man,1,1,54,finishing,1,2025-10-20 00:00:00.000,2025-07-11 08:33:16.000
833,1,App\Models\Man,1,1,45,scrap,1,2025-10-21 00:00:00.000,2025-07-11 08:33:16.000
834,1,App\Models\Man,1,1,45,finishing,1,2025-10-21 00:00:00.000,2025-07-11 08:33:16.000
835,1,App\Models\Man,1,1,41,scrap,1,2025-10-22 00:00:00.000,2025-07-11 08:33:16.000
836,1,App\Models\Man,1,1,41,finishing,1,2025-10-22 00:00:00.000,2025-07-11 08:33:16.000
837,1,App\Models\Man,1,1,31,scrap,1,2025-10-23 00:00:00.000,2025-07-11 08:33:16.000
838,1,App\Models\Man,1,1,31,finishing,1,2025-10-23 00:00:00.000,2025-07-11 08:33:16.000
839,1,App\Models\Man,1,1,58,scrap,1,2025-10-24 00:00:00.000,2025-07-11 08:33:16.000
840,1,App\Models\Man,1,1,58,finishing,1,2025-10-24 00:00:00.000,2025-07-11 08:33:16.000
841,1,App\Models\Man,1,1,41,scrap,1,2025-10-27 00:00:00.000,2025-07-11 08:33:16.000
842,1,App\Models\Man,1,1,41,finishing,1,2025-10-27 00:00:00.000,2025-07-11 08:33:16.000
843,1,App\Models\Man,1,1,34,scrap,1,2025-10-28 00:00:00.000,2025-07-11 08:33:16.000
844,1,App\Models\Man,1,1,34,finishing,1,2025-10-28 00:00:00.000,2025-07-11 08:33:16.000
845,1,App\Models\Man,1,1,51,scrap,1,2025-10-29 00:00:00.000,2025-07-11 08:33:16.000
846,1,App\Models\Man,1,1,51,finishing,1,2025-10-29 00:00:00.000,2025-07-11 08:33:16.000
847,1,App\Models\Man,1,1,49,scrap,1,2025-10-30 00:00:00.000,2025-07-11 08:33:16.000
848,1,App\Models\Man,1,1,49,finishing,1,2025-10-30 00:00:00.000,2025-07-11 08:33:16.000
849,1,App\Models\Man,1,1,37,scrap,1,2025-10-31 00:00:00.000,2025-07-11 08:33:16.000
850,1,App\Models\Man,1,1,37,finishing,1,2025-10-31 00:00:00.000,2025-07-11 08:33:16.000
851,1,App\Models\Man,1,1,51,scrap,2,2025-05-05 00:00:00.000,2025-07-11 08:33:16.000
852,1,App\Models\Man,1,1,51,finishing,2,2025-05-05 00:00:00.000,2025-07-11 08:33:16.000
853,1,App\Models\Man,1,1,52,scrap,2,2025-05-06 00:00:00.000,2025-07-11 08:33:16.000
854,1,App\Models\Man,1,1,52,finishing,2,2025-05-06 00:00:00.000,2025-07-11 08:33:16.000
855,1,App\Models\Man,1,1,60,scrap,2,2025-05-07 00:00:00.000,2025-07-11 08:33:16.000
856,1,App\Models\Man,1,1,60,finishing,2,2025-05-07 00:00:00.000,2025-07-11 08:33:16.000
857,1,App\Models\Man,1,1,55,scrap,2,2025-05-08 00:00:00.000,2025-07-11 08:33:16.000
858,1,App\Models\Man,1,1,55,finishing,2,2025-05-08 00:00:00.000,2025-07-11 08:33:16.000
859,1,App\Models\Man,1,1,48,scrap,2,2025-05-09 00:00:00.000,2025-07-11 08:33:16.000
860,1,App\Models\Man,1,1,48,finishing,2,2025-05-09 00:00:00.000,2025-07-11 08:33:16.000
861,1,App\Models\Man,1,1,36,scrap,2,2025-05-12 00:00:00.000,2025-07-11 08:33:16.000
862,1,App\Models\Man,1,1,36,finishing,2,2025-05-12 00:00:00.000,2025-07-11 08:33:16.000
863,1,App\Models\Man,1,1,37,scrap,2,2025-05-13 00:00:00.000,2025-07-11 08:33:16.000
864,1,App\Models\Man,1,1,37,finishing,2,2025-05-13 00:00:00.000,2025-07-11 08:33:16.000
865,1,App\Models\Man,1,1,35,scrap,2,2025-05-14 00:00:00.000,2025-07-11 08:33:16.000
866,1,App\Models\Man,1,1,35,finishing,2,2025-05-14 00:00:00.000,2025-07-11 08:33:16.000
867,1,App\Models\Man,1,1,46,scrap,2,2025-05-15 00:00:00.000,2025-07-11 08:33:16.000
868,1,App\Models\Man,1,1,46,finishing,2,2025-05-15 00:00:00.000,2025-07-11 08:33:16.000
869,1,App\Models\Man,1,1,46,scrap,2,2025-05-16 00:00:00.000,2025-07-11 08:33:16.000
870,1,App\Models\Man,1,1,46,finishing,2,2025-05-16 00:00:00.000,2025-07-11 08:33:16.000
871,1,App\Models\Man,1,1,55,scrap,2,2025-05-19 00:00:00.000,2025-07-11 08:33:16.000
872,1,App\Models\Man,1,1,55,finishing,2,2025-05-19 00:00:00.000,2025-07-11 08:33:16.000
873,1,App\Models\Man,1,1,34,scrap,2,2025-05-20 00:00:00.000,2025-07-11 08:33:16.000
874,1,App\Models\Man,1,1,34,finishing,2,2025-05-20 00:00:00.000,2025-07-11 08:33:16.000
875,1,App\Models\Man,1,1,34,scrap,2,2025-05-21 00:00:00.000,2025-07-11 08:33:16.000
876,1,App\Models\Man,1,1,34,finishing,2,2025-05-21 00:00:00.000,2025-07-11 08:33:16.000
877,1,App\Models\Man,1,1,57,scrap,2,2025-05-22 00:00:00.000,2025-07-11 08:33:16.000
878,1,App\Models\Man,1,1,57,finishing,2,2025-05-22 00:00:00.000,2025-07-11 08:33:16.000
879,1,App\Models\Man,1,1,37,scrap,2,2025-05-23 00:00:00.000,2025-07-11 08:33:16.000
880,1,App\Models\Man,1,1,37,finishing,2,2025-05-23 00:00:00.000,2025-07-11 08:33:16.000
881,1,App\Models\Man,1,1,57,scrap,2,2025-05-26 00:00:00.000,2025-07-11 08:33:16.000
882,1,App\Models\Man,1,1,57,finishing,2,2025-05-26 00:00:00.000,2025-07-11 08:33:16.000
883,1,App\Models\Man,1,1,57,scrap,2,2025-05-27 00:00:00.000,2025-07-11 08:33:16.000
884,1,App\Models\Man,1,1,57,finishing,2,2025-05-27 00:00:00.000,2025-07-11 08:33:16.000
885,1,App\Models\Man,1,1,40,scrap,2,2025-05-28 00:00:00.000,2025-07-11 08:33:16.000
886,1,App\Models\Man,1,1,40,finishing,2,2025-05-28 00:00:00.000,2025-07-11 08:33:16.000
887,1,App\Models\Man,1,1,49,scrap,2,2025-05-29 00:00:00.000,2025-07-11 08:33:16.000
888,1,App\Models\Man,1,1,49,finishing,2,2025-05-29 00:00:00.000,2025-07-11 08:33:16.000
889,1,App\Models\Man,1,1,45,scrap,2,2025-05-30 00:00:00.000,2025-07-11 08:33:16.000
890,1,App\Models\Man,1,1,45,finishing,2,2025-05-30 00:00:00.000,2025-07-11 08:33:16.000
891,1,App\Models\Man,1,1,54,scrap,2,2025-06-02 00:00:00.000,2025-07-11 08:33:16.000
892,1,App\Models\Man,1,1,54,finishing,2,2025-06-02 00:00:00.000,2025-07-11 08:33:16.000
893,1,App\Models\Man,1,1,45,scrap,2,2025-06-03 00:00:00.000,2025-07-11 08:33:16.000
894,1,App\Models\Man,1,1,45,finishing,2,2025-06-03 00:00:00.000,2025-07-11 08:33:16.000
895,1,App\Models\Man,1,1,41,scrap,2,2025-06-04 00:00:00.000,2025-07-11 08:33:16.000
896,1,App\Models\Man,1,1,41,finishing,2,2025-06-04 00:00:00.000,2025-07-11 08:33:16.000
897,1,App\Models\Man,1,1,31,scrap,2,2025-06-05 00:00:00.000,2025-07-11 08:33:16.000
898,1,App\Models\Man,1,1,31,finishing,2,2025-06-05 00:00:00.000,2025-07-11 08:33:16.000
899,1,App\Models\Man,1,1,58,scrap,2,2025-06-06 00:00:00.000,2025-07-11 08:33:16.000
900,1,App\Models\Man,1,1,58,finishing,2,2025-06-06 00:00:00.000,2025-07-11 08:33:16.000
901,1,App\Models\Man,1,1,41,scrap,2,2025-06-09 00:00:00.000,2025-07-11 08:33:16.000
902,1,App\Models\Man,1,1,41,finishing,2,2025-06-09 00:00:00.000,2025-07-11 08:33:16.000
903,1,App\Models\Man,1,1,34,scrap,2,2025-06-10 00:00:00.000,2025-07-11 08:33:16.000
904,1,App\Models\Man,1,1,34,finishing,2,2025-06-10 00:00:00.000,2025-07-11 08:33:16.000
905,1,App\Models\Man,1,1,51,scrap,2,2025-06-11 00:00:00.000,2025-07-11 08:33:16.000
906,1,App\Models\Man,1,1,51,finishing,2,2025-06-11 00:00:00.000,2025-07-11 08:33:16.000
907,1,App\Models\Man,1,1,49,scrap,2,2025-06-12 00:00:00.000,2025-07-11 08:33:16.000
908,1,App\Models\Man,1,1,49,finishing,2,2025-06-12 00:00:00.000,2025-07-11 08:33:16.000
909,1,App\Models\Man,1,1,37,scrap,2,2025-06-13 00:00:00.000,2025-07-11 08:33:16.000
910,1,App\Models\Man,1,1,37,finishing,2,2025-06-13 00:00:00.000,2025-07-11 08:33:16.000
911,1,App\Models\Man,1,1,30,scrap,2,2025-06-16 00:00:00.000,2025-07-11 08:33:16.000
912,1,App\Models\Man,1,1,30,finishing,2,2025-06-16 00:00:00.000,2025-07-11 08:33:16.000
913,1,App\Models\Man,1,1,30,scrap,2,2025-06-17 00:00:00.000,2025-07-11 08:33:16.000
914,1,App\Models\Man,1,1,30,finishing,2,2025-06-17 00:00:00.000,2025-07-11 08:33:16.000
915,1,App\Models\Man,1,1,39,scrap,2,2025-06-18 00:00:00.000,2025-07-11 08:33:16.000
916,1,App\Models\Man,1,1,39,finishing,2,2025-06-18 00:00:00.000,2025-07-11 08:33:16.000
917,1,App\Models\Man,1,1,41,scrap,2,2025-06-19 00:00:00.000,2025-07-11 08:33:16.000
918,1,App\Models\Man,1,1,41,finishing,2,2025-06-19 00:00:00.000,2025-07-11 08:33:16.000
919,1,App\Models\Man,1,1,59,scrap,2,2025-06-20 00:00:00.000,2025-07-11 08:33:16.000
920,1,App\Models\Man,1,1,59,finishing,2,2025-06-20 00:00:00.000,2025-07-11 08:33:16.000
921,1,App\Models\Man,1,1,55,scrap,2,2025-06-23 00:00:00.000,2025-07-11 08:33:16.000
922,1,App\Models\Man,1,1,55,finishing,2,2025-06-23 00:00:00.000,2025-07-11 08:33:16.000
923,1,App\Models\Man,1,1,33,scrap,2,2025-06-24 00:00:00.000,2025-07-11 08:33:16.000
924,1,App\Models\Man,1,1,33,finishing,2,2025-06-24 00:00:00.000,2025-07-11 08:33:16.000
925,1,App\Models\Man,1,1,30,scrap,2,2025-06-25 00:00:00.000,2025-07-11 08:33:16.000
926,1,App\Models\Man,1,1,30,finishing,2,2025-06-25 00:00:00.000,2025-07-11 08:33:16.000
927,1,App\Models\Man,1,1,53,scrap,2,2025-06-26 00:00:00.000,2025-07-11 08:33:16.000
928,1,App\Models\Man,1,1,53,finishing,2,2025-06-26 00:00:00.000,2025-07-11 08:33:16.000
929,1,App\Models\Man,1,1,51,scrap,2,2025-06-27 00:00:00.000,2025-07-11 08:33:16.000
930,1,App\Models\Man,1,1,51,finishing,2,2025-06-27 00:00:00.000,2025-07-11 08:33:16.000
931,2,App\Models\Man,1,2,51,scrap,3,2025-05-05 00:00:00.000,2025-07-11 08:33:16.000
932,2,App\Models\Man,1,2,51,finishing,3,2025-05-05 00:00:00.000,2025-07-11 08:33:16.000
933,2,App\Models\Man,1,2,52,scrap,3,2025-05-06 00:00:00.000,2025-07-11 08:33:16.000
934,2,App\Models\Man,1,2,52,finishing,3,2025-05-06 00:00:00.000,2025-07-11 08:33:16.000
935,2,App\Models\Man,1,2,60,scrap,3,2025-05-07 00:00:00.000,2025-07-11 08:33:16.000
936,2,App\Models\Man,1,2,60,finishing,3,2025-05-07 00:00:00.000,2025-07-11 08:33:16.000
937,2,App\Models\Man,1,2,55,scrap,3,2025-05-08 00:00:00.000,2025-07-11 08:33:16.000
938,2,App\Models\Man,1,2,55,finishing,3,2025-05-08 00:00:00.000,2025-07-11 08:33:16.000
939,2,App\Models\Man,1,2,48,scrap,3,2025-05-09 00:00:00.000,2025-07-11 08:33:16.000
940,2,App\Models\Man,1,2,48,finishing,3,2025-05-09 00:00:00.000,2025-07-11 08:33:16.000
941,2,App\Models\Man,1,2,36,scrap,3,2025-05-12 00:00:00.000,2025-07-11 08:33:16.000
942,2,App\Models\Man,1,2,36,finishing,3,2025-05-12 00:00:00.000,2025-07-11 08:33:16.000
943,2,App\Models\Man,1,2,37,scrap,3,2025-05-13 00:00:00.000,2025-07-11 08:33:16.000
944,2,App\Models\Man,1,2,37,finishing,3,2025-05-13 00:00:00.000,2025-07-11 08:33:16.000
945,2,App\Models\Man,1,2,35,scrap,3,2025-05-14 00:00:00.000,2025-07-11 08:33:16.000
946,2,App\Models\Man,1,2,35,finishing,3,2025-05-14 00:00:00.000,2025-07-11 08:33:16.000
947,2,App\Models\Man,1,2,46,scrap,3,2025-05-15 00:00:00.000,2025-07-11 08:33:16.000
948,2,App\Models\Man,1,2,46,finishing,3,2025-05-15 00:00:00.000,2025-07-11 08:33:16.000
949,2,App\Models\Man,1,2,46,scrap,3,2025-05-16 00:00:00.000,2025-07-11 08:33:16.000
950,2,App\Models\Man,1,2,46,finishing,3,2025-05-16 00:00:00.000,2025-07-11 08:33:16.000
951,2,App\Models\Man,1,2,55,scrap,3,2025-05-19 00:00:00.000,2025-07-11 08:33:16.000
952,2,App\Models\Man,1,2,55,finishing,3,2025-05-19 00:00:00.000,2025-07-11 08:33:16.000
953,2,App\Models\Man,1,2,34,scrap,3,2025-05-20 00:00:00.000,2025-07-11 08:33:16.000
954,2,App\Models\Man,1,2,34,finishing,3,2025-05-20 00:00:00.000,2025-07-11 08:33:16.000
955,2,App\Models\Man,1,2,34,scrap,3,2025-05-21 00:00:00.000,2025-07-11 08:33:16.000
956,2,App\Models\Man,1,2,34,finishing,3,2025-05-21 00:00:00.000,2025-07-11 08:33:16.000
957,2,App\Models\Man,1,2,57,scrap,3,2025-05-22 00:00:00.000,2025-07-11 08:33:16.000
958,2,App\Models\Man,1,2,57,finishing,3,2025-05-22 00:00:00.000,2025-07-11 08:33:16.000
959,2,App\Models\Man,1,2,37,scrap,3,2025-05-23 00:00:00.000,2025-07-11 08:33:16.000
960,2,App\Models\Man,1,2,37,finishing,3,2025-05-23 00:00:00.000,2025-07-11 08:33:16.000
961,2,App\Models\Man,1,2,57,scrap,3,2025-05-26 00:00:00.000,2025-07-11 08:33:16.000
962,2,App\Models\Man,1,2,57,finishing,3,2025-05-26 00:00:00.000,2025-07-11 08:33:16.000
963,2,App\Models\Man,1,2,57,scrap,3,2025-05-27 00:00:00.000,2025-07-11 08:33:16.000
964,2,App\Models\Man,1,2,57,finishing,3,2025-05-27 00:00:00.000,2025-07-11 08:33:16.000
965,2,App\Models\Man,1,2,40,scrap,3,2025-05-28 00:00:00.000,2025-07-11 08:33:16.000
966,2,App\Models\Man,1,2,40,finishing,3,2025-05-28 00:00:00.000,2025-07-11 08:33:16.000
967,2,App\Models\Man,1,2,49,scrap,3,2025-05-29 00:00:00.000,2025-07-11 08:33:16.000
968,2,App\Models\Man,1,2,49,finishing,3,2025-05-29 00:00:00.000,2025-07-11 08:33:16.000
969,2,App\Models\Man,1,2,45,scrap,3,2025-05-30 00:00:00.000,2025-07-11 08:33:16.000
970,2,App\Models\Man,1,2,45,finishing,3,2025-05-30 00:00:00.000,2025-07-11 08:33:16.000
971,2,App\Models\Man,1,2,54,scrap,3,2025-06-02 00:00:00.000,2025-07-11 08:33:16.000
972,2,App\Models\Man,1,2,54,finishing,3,2025-06-02 00:00:00.000,2025-07-11 08:33:16.000
973,2,App\Models\Man,1,2,45,scrap,3,2025-06-03 00:00:00.000,2025-07-11 08:33:16.000
974,2,App\Models\Man,1,2,45,finishing,3,2025-06-03 00:00:00.000,2025-07-11 08:33:16.000
975,2,App\Models\Man,1,2,41,scrap,3,2025-06-04 00:00:00.000,2025-07-11 08:33:16.000
976,2,App\Models\Man,1,2,41,finishing,3,2025-06-04 00:00:00.000,2025-07-11 08:33:16.000
977,2,App\Models\Man,1,2,31,scrap,3,2025-06-05 00:00:00.000,2025-07-11 08:33:16.000
978,2,App\Models\Man,1,2,31,finishing,3,2025-06-05 00:00:00.000,2025-07-11 08:33:16.000
979,2,App\Models\Man,1,2,58,scrap,3,2025-06-06 00:00:00.000,2025-07-11 08:33:16.000
980,2,App\Models\Man,1,2,58,finishing,3,2025-06-06 00:00:00.000,2025-07-11 08:33:16.000
981,2,App\Models\Man,1,2,41,scrap,3,2025-06-09 00:00:00.000,2025-07-11 08:33:16.000
982,2,App\Models\Man,1,2,41,finishing,3,2025-06-09 00:00:00.000,2025-07-11 08:33:16.000
983,2,App\Models\Man,1,2,34,scrap,3,2025-06-10 00:00:00.000,2025-07-11 08:33:16.000
984,2,App\Models\Man,1,2,34,finishing,3,2025-06-10 00:00:00.000,2025-07-11 08:33:16.000
985,2,App\Models\Man,1,2,51,scrap,3,2025-06-11 00:00:00.000,2025-07-11 08:33:16.000
986,2,App\Models\Man,1,2,51,finishing,3,2025-06-11 00:00:00.000,2025-07-11 08:33:16.000
987,2,App\Models\Man,1,2,49,scrap,3,2025-06-12 00:00:00.000,2025-07-11 08:33:16.000
988,2,App\Models\Man,1,2,49,finishing,3,2025-06-12 00:00:00.000,2025-07-11 08:33:16.000
989,2,App\Models\Man,1,2,37,scrap,3,2025-06-13 00:00:00.000,2025-07-11 08:33:16.000
990,2,App\Models\Man,1,2,37,finishing,3,2025-06-13 00:00:00.000,2025-07-11 08:33:16.000
991,2,App\Models\Man,1,2,30,scrap,3,2025-06-16 00:00:00.000,2025-07-11 08:33:16.000
992,2,App\Models\Man,1,2,30,finishing,3,2025-06-16 00:00:00.000,2025-07-11 08:33:16.000
993,2,App\Models\Man,1,2,30,scrap,3,2025-06-17 00:00:00.000,2025-07-11 08:33:16.000
994,2,App\Models\Man,1,2,30,finishing,3,2025-06-17 00:00:00.000,2025-07-11 08:33:16.000
995,2,App\Models\Man,1,2,39,scrap,3,2025-06-18 00:00:00.000,2025-07-11 08:33:16.000
996,2,App\Models\Man,1,2,39,finishing,3,2025-06-18 00:00:00.000,2025-07-11 08:33:16.000
997,2,App\Models\Man,1,2,41,scrap,3,2025-06-19 00:00:00.000,2025-07-11 08:33:16.000
998,2,App\Models\Man,1,2,41,finishing,3,2025-06-19 00:00:00.000,2025-07-11 08:33:16.000
999,2,App\Models\Man,1,2,59,scrap,3,2025-06-20 00:00:00.000,2025-07-11 08:33:16.000
1000,2,App\Models\Man,1,2,59,finishing,3,2025-06-20 00:00:00.000,2025-07-11 08:33:16.000
1001,2,App\Models\Man,1,2,55,scrap,3,2025-06-23 00:00:00.000,2025-07-11 08:33:16.000
1002,2,App\Models\Man,1,2,55,finishing,3,2025-06-23 00:00:00.000,2025-07-11 08:33:16.000
1003,2,App\Models\Man,1,2,33,scrap,3,2025-06-24 00:00:00.000,2025-07-11 08:33:16.000
1004,2,App\Models\Man,1,2,33,finishing,3,2025-06-24 00:00:00.000,2025-07-11 08:33:16.000
1005,2,App\Models\Man,1,2,30,scrap,3,2025-06-25 00:00:00.000,2025-07-11 08:33:16.000
1006,2,App\Models\Man,1,2,30,finishing,3,2025-06-25 00:00:00.000,2025-07-11 08:33:16.000
1007,2,App\Models\Man,1,2,53,scrap,3,2025-06-26 00:00:00.000,2025-07-11 08:33:16.000
1008,2,App\Models\Man,1,2,53,finishing,3,2025-06-26 00:00:00.000,2025-07-11 08:33:16.000
1009,2,App\Models\Man,1,2,51,scrap,3,2025-06-27 00:00:00.000,2025-07-11 08:33:16.000
1010,2,App\Models\Man,1,2,51,finishing,3,2025-06-27 00:00:00.000,2025-07-11 08:33:16.000
1011,2,App\Models\Man,1,2,32,scrap,3,2025-06-30 00:00:00.000,2025-07-11 08:33:16.000
1012,2,App\Models\Man,1,2,32,finishing,3,2025-06-30 00:00:00.000,2025-07-11 08:33:16.000
1013,2,App\Models\Man,1,2,40,scrap,3,2025-07-01 00:00:00.000,2025-07-11 08:33:16.000
1014,2,App\Models\Man,1,2,40,finishing,3,2025-07-01 00:00:00.000,2025-07-11 08:33:16.000
1015,2,App\Models\Man,1,2,45,scrap,3,2025-07-02 00:00:00.000,2025-07-11 08:33:16.000
1016,2,App\Models\Man,1,2,45,finishing,3,2025-07-02 00:00:00.000,2025-07-11 08:33:16.000
1017,2,App\Models\Man,1,2,41,scrap,3,2025-07-03 00:00:00.000,2025-07-11 08:33:16.000
1018,2,App\Models\Man,1,2,41,finishing,3,2025-07-03 00:00:00.000,2025-07-11 08:33:16.000
1019,2,App\Models\Man,1,2,33,scrap,3,2025-07-04 00:00:00.000,2025-07-11 08:33:16.000
1020,2,App\Models\Man,1,2,33,finishing,3,2025-07-04 00:00:00.000,2025-07-11 08:33:16.000
1021,2,App\Models\Man,1,2,41,scrap,3,2025-07-07 00:00:00.000,2025-07-11 08:33:16.000
1022,2,App\Models\Man,1,2,41,finishing,3,2025-07-07 00:00:00.000,2025-07-11 08:33:16.000
1023,2,App\Models\Man,1,2,42,scrap,3,2025-07-08 00:00:00.000,2025-07-11 08:33:16.000
1024,2,App\Models\Man,1,2,42,finishing,3,2025-07-08 00:00:00.000,2025-07-11 08:33:16.000
1025,2,App\Models\Man,1,2,31,scrap,3,2025-07-09 00:00:00.000,2025-07-11 08:33:16.000
1026,2,App\Models\Man,1,2,31,finishing,3,2025-07-09 00:00:00.000,2025-07-11 08:33:16.000
1027,2,App\Models\Man,1,2,58,scrap,3,2025-07-10 00:00:00.000,2025-07-11 08:33:16.000
1028,2,App\Models\Man,1,2,58,finishing,3,2025-07-10 00:00:00.000,2025-07-11 08:33:16.000
1029,2,App\Models\Man,1,2,39,scrap,3,2025-07-11 00:00:00.000,2025-07-11 08:33:16.000
1030,2,App\Models\Man,1,2,39,finishing,3,2025-07-11 00:00:00.000,2025-07-11 08:33:16.000
1031,2,App\Models\Man,1,2,51,scrap,3,2025-07-14 00:00:00.000,2025-07-11 08:33:16.000
1032,2,App\Models\Man,1,2,51,finishing,3,2025-07-14 00:00:00.000,2025-07-11 08:33:16.000
1033,2,App\Models\Man,1,2,52,scrap,3,2025-07-15 00:00:00.000,2025-07-11 08:33:16.000
1034,2,App\Models\Man,1,2,52,finishing,3,2025-07-15 00:00:00.000,2025-07-11 08:33:16.000
1035,2,App\Models\Man,1,2,60,scrap,3,2025-07-16 00:00:00.000,2025-07-11 08:33:16.000
1036,2,App\Models\Man,1,2,60,finishing,3,2025-07-16 00:00:00.000,2025-07-11 08:33:16.000
1037,2,App\Models\Man,1,2,55,scrap,3,2025-07-17 00:00:00.000,2025-07-11 08:33:16.000
1038,2,App\Models\Man,1,2,55,finishing,3,2025-07-17 00:00:00.000,2025-07-11 08:33:16.000
1039,2,App\Models\Man,1,2,48,scrap,3,2025-07-18 00:00:00.000,2025-07-11 08:33:16.000
1040,2,App\Models\Man,1,2,48,finishing,3,2025-07-18 00:00:00.000,2025-07-11 08:33:16.000
1041,2,App\Models\Man,1,2,36,scrap,3,2025-07-21 00:00:00.000,2025-07-11 08:33:16.000
1042,2,App\Models\Man,1,2,36,finishing,3,2025-07-21 00:00:00.000,2025-07-11 08:33:16.000
1043,2,App\Models\Man,1,2,37,scrap,3,2025-07-22 00:00:00.000,2025-07-11 08:33:16.000
1044,2,App\Models\Man,1,2,37,finishing,3,2025-07-22 00:00:00.000,2025-07-11 08:33:16.000
1045,2,App\Models\Man,1,2,35,scrap,3,2025-07-23 00:00:00.000,2025-07-11 08:33:16.000
1046,2,App\Models\Man,1,2,35,finishing,3,2025-07-23 00:00:00.000,2025-07-11 08:33:16.000
1047,2,App\Models\Man,1,2,46,scrap,3,2025-07-24 00:00:00.000,2025-07-11 08:33:16.000
1048,2,App\Models\Man,1,2,46,finishing,3,2025-07-24 00:00:00.000,2025-07-11 08:33:16.000
1049,2,App\Models\Man,1,2,46,scrap,3,2025-07-25 00:00:00.000,2025-07-11 08:33:16.000
1050,2,App\Models\Man,1,2,46,finishing,3,2025-07-25 00:00:00.000,2025-07-11 08:33:16.000
1051,2,App\Models\Man,1,2,55,scrap,3,2025-07-28 00:00:00.000,2025-07-11 08:33:16.000
1052,2,App\Models\Man,1,2,55,finishing,3,2025-07-28 00:00:00.000,2025-07-11 08:33:16.000
1053,2,App\Models\Man,1,2,34,scrap,3,2025-07-29 00:00:00.000,2025-07-11 08:33:16.000
1054,2,App\Models\Man,1,2,34,finishing,3,2025-07-29 00:00:00.000,2025-07-11 08:33:16.000
1055,2,App\Models\Man,1,2,34,scrap,3,2025-07-30 00:00:00.000,2025-07-11 08:33:16.000
1056,2,App\Models\Man,1,2,34,finishing,3,2025-07-30 00:00:00.000,2025-07-11 08:33:16.000
1057,2,App\Models\Man,1,2,57,scrap,3,2025-07-31 00:00:00.000,2025-07-11 08:33:16.000
1058,2,App\Models\Man,1,2,57,finishing,3,2025-07-31 00:00:00.000,2025-07-11 08:33:16.000
1059,2,App\Models\Man,1,2,37,scrap,3,2025-08-01 00:00:00.000,2025-07-11 08:33:16.000
1060,2,App\Models\Man,1,2,37,finishing,3,2025-08-01 00:00:00.000,2025-07-11 08:33:16.000
1061,2,App\Models\Man,1,2,57,scrap,3,2025-08-04 00:00:00.000,2025-07-11 08:33:17.000
1062,2,App\Models\Man,1,2,57,finishing,3,2025-08-04 00:00:00.000,2025-07-11 08:33:17.000
1063,2,App\Models\Man,1,2,57,scrap,3,2025-08-05 00:00:00.000,2025-07-11 08:33:17.000
1064,2,App\Models\Man,1,2,57,finishing,3,2025-08-05 00:00:00.000,2025-07-11 08:33:17.000
1065,2,App\Models\Man,1,2,40,scrap,3,2025-08-06 00:00:00.000,2025-07-11 08:33:17.000
1066,2,App\Models\Man,1,2,40,finishing,3,2025-08-06 00:00:00.000,2025-07-11 08:33:17.000
1067,2,App\Models\Man,1,2,49,scrap,3,2025-08-07 00:00:00.000,2025-07-11 08:33:17.000
1068,2,App\Models\Man,1,2,49,finishing,3,2025-08-07 00:00:00.000,2025-07-11 08:33:17.000
1069,2,App\Models\Man,1,2,45,scrap,3,2025-08-08 00:00:00.000,2025-07-11 08:33:17.000
1070,2,App\Models\Man,1,2,45,finishing,3,2025-08-08 00:00:00.000,2025-07-11 08:33:17.000
1071,2,App\Models\Man,1,2,54,scrap,3,2025-08-11 00:00:00.000,2025-07-11 08:33:17.000
1072,2,App\Models\Man,1,2,54,finishing,3,2025-08-11 00:00:00.000,2025-07-11 08:33:17.000
1073,2,App\Models\Man,1,2,45,scrap,3,2025-08-12 00:00:00.000,2025-07-11 08:33:17.000
1074,2,App\Models\Man,1,2,45,finishing,3,2025-08-12 00:00:00.000,2025-07-11 08:33:17.000
1075,2,App\Models\Man,1,2,41,scrap,3,2025-08-13 00:00:00.000,2025-07-11 08:33:17.000
1076,2,App\Models\Man,1,2,41,finishing,3,2025-08-13 00:00:00.000,2025-07-11 08:33:17.000
1077,2,App\Models\Man,1,2,31,scrap,3,2025-08-14 00:00:00.000,2025-07-11 08:33:17.000
1078,2,App\Models\Man,1,2,31,finishing,3,2025-08-14 00:00:00.000,2025-07-11 08:33:17.000
1079,2,App\Models\Man,1,2,58,scrap,3,2025-08-15 00:00:00.000,2025-07-11 08:33:17.000
1080,2,App\Models\Man,1,2,58,finishing,3,2025-08-15 00:00:00.000,2025-07-11 08:33:17.000
1081,2,App\Models\Man,1,2,41,scrap,3,2025-08-18 00:00:00.000,2025-07-11 08:33:17.000
1082,2,App\Models\Man,1,2,41,finishing,3,2025-08-18 00:00:00.000,2025-07-11 08:33:17.000
1083,2,App\Models\Man,1,2,34,scrap,3,2025-08-19 00:00:00.000,2025-07-11 08:33:17.000
1084,2,App\Models\Man,1,2,34,finishing,3,2025-08-19 00:00:00.000,2025-07-11 08:33:17.000
1085,2,App\Models\Man,1,2,51,scrap,3,2025-08-20 00:00:00.000,2025-07-11 08:33:17.000
1086,2,App\Models\Man,1,2,51,finishing,3,2025-08-20 00:00:00.000,2025-07-11 08:33:17.000
1087,2,App\Models\Man,1,2,49,scrap,3,2025-08-21 00:00:00.000,2025-07-11 08:33:17.000
1088,2,App\Models\Man,1,2,49,finishing,3,2025-08-21 00:00:00.000,2025-07-11 08:33:17.000
1089,2,App\Models\Man,1,2,37,scrap,3,2025-08-22 00:00:00.000,2025-07-11 08:33:17.000
1090,2,App\Models\Man,1,2,37,finishing,3,2025-08-22 00:00:00.000,2025-07-11 08:33:17.000
1091,2,App\Models\Man,1,2,30,scrap,3,2025-08-25 00:00:00.000,2025-07-11 08:33:17.000
1092,2,App\Models\Man,1,2,30,finishing,3,2025-08-25 00:00:00.000,2025-07-11 08:33:17.000
1093,2,App\Models\Man,1,2,30,scrap,3,2025-08-26 00:00:00.000,2025-07-11 08:33:17.000
1094,2,App\Models\Man,1,2,30,finishing,3,2025-08-26 00:00:00.000,2025-07-11 08:33:17.000
1095,2,App\Models\Man,1,2,39,scrap,3,2025-08-27 00:00:00.000,2025-07-11 08:33:17.000
1096,2,App\Models\Man,1,2,39,finishing,3,2025-08-27 00:00:00.000,2025-07-11 08:33:17.000
1097,2,App\Models\Man,1,2,41,scrap,3,2025-08-28 00:00:00.000,2025-07-11 08:33:17.000
1098,2,App\Models\Man,1,2,41,finishing,3,2025-08-28 00:00:00.000,2025-07-11 08:33:17.000
1099,2,App\Models\Man,1,2,59,scrap,3,2025-08-29 00:00:00.000,2025-07-11 08:33:17.000
1100,2,App\Models\Man,1,2,59,finishing,3,2025-08-29 00:00:00.000,2025-07-11 08:33:17.000
1101,2,App\Models\Man,1,2,55,scrap,3,2025-09-01 00:00:00.000,2025-07-11 08:33:17.000
1102,2,App\Models\Man,1,2,55,finishing,3,2025-09-01 00:00:00.000,2025-07-11 08:33:17.000
1103,2,App\Models\Man,1,2,33,scrap,3,2025-09-02 00:00:00.000,2025-07-11 08:33:17.000
1104,2,App\Models\Man,1,2,33,finishing,3,2025-09-02 00:00:00.000,2025-07-11 08:33:17.000
1105,2,App\Models\Man,1,2,30,scrap,3,2025-09-03 00:00:00.000,2025-07-11 08:33:17.000
1106,2,App\Models\Man,1,2,30,finishing,3,2025-09-03 00:00:00.000,2025-07-11 08:33:17.000
1107,2,App\Models\Man,1,2,53,scrap,3,2025-09-04 00:00:00.000,2025-07-11 08:33:17.000
1108,2,App\Models\Man,1,2,53,finishing,3,2025-09-04 00:00:00.000,2025-07-11 08:33:17.000
1109,2,App\Models\Man,1,2,51,scrap,3,2025-09-05 00:00:00.000,2025-07-11 08:33:17.000
1110,2,App\Models\Man,1,2,51,finishing,3,2025-09-05 00:00:00.000,2025-07-11 08:33:17.000
1111,2,App\Models\Man,1,2,32,scrap,3,2025-09-08 00:00:00.000,2025-07-11 08:33:17.000
1112,2,App\Models\Man,1,2,32,finishing,3,2025-09-08 00:00:00.000,2025-07-11 08:33:17.000
1113,2,App\Models\Man,1,2,40,scrap,3,2025-09-09 00:00:00.000,2025-07-11 08:33:17.000
1114,2,App\Models\Man,1,2,40,finishing,3,2025-09-09 00:00:00.000,2025-07-11 08:33:17.000
1115,2,App\Models\Man,1,2,45,scrap,3,2025-09-10 00:00:00.000,2025-07-11 08:33:17.000
1116,2,App\Models\Man,1,2,45,finishing,3,2025-09-10 00:00:00.000,2025-07-11 08:33:17.000
1117,2,App\Models\Man,1,2,41,scrap,3,2025-09-11 00:00:00.000,2025-07-11 08:33:17.000
1118,2,App\Models\Man,1,2,41,finishing,3,2025-09-11 00:00:00.000,2025-07-11 08:33:17.000
1119,2,App\Models\Man,1,2,33,scrap,3,2025-09-12 00:00:00.000,2025-07-11 08:33:17.000
1120,2,App\Models\Man,1,2,33,finishing,3,2025-09-12 00:00:00.000,2025-07-11 08:33:17.000
1121,2,App\Models\Man,1,2,41,scrap,3,2025-09-15 00:00:00.000,2025-07-11 08:33:17.000
1122,2,App\Models\Man,1,2,41,finishing,3,2025-09-15 00:00:00.000,2025-07-11 08:33:17.000
1123,2,App\Models\Man,1,2,42,scrap,3,2025-09-16 00:00:00.000,2025-07-11 08:33:17.000
1124,2,App\Models\Man,1,2,42,finishing,3,2025-09-16 00:00:00.000,2025-07-11 08:33:17.000
1125,2,App\Models\Man,1,2,31,scrap,3,2025-09-17 00:00:00.000,2025-07-11 08:33:17.000
1126,2,App\Models\Man,1,2,31,finishing,3,2025-09-17 00:00:00.000,2025-07-11 08:33:17.000
1127,2,App\Models\Man,1,2,58,scrap,3,2025-09-18 00:00:00.000,2025-07-11 08:33:17.000
1128,2,App\Models\Man,1,2,58,finishing,3,2025-09-18 00:00:00.000,2025-07-11 08:33:17.000
1129,2,App\Models\Man,1,2,39,scrap,3,2025-09-19 00:00:00.000,2025-07-11 08:33:17.000
1130,2,App\Models\Man,1,2,39,finishing,3,2025-09-19 00:00:00.000,2025-07-11 08:33:17.000
1131,2,App\Models\Man,1,2,51,scrap,3,2025-09-22 00:00:00.000,2025-07-11 08:33:17.000
1132,2,App\Models\Man,1,2,51,finishing,3,2025-09-22 00:00:00.000,2025-07-11 08:33:17.000
1133,2,App\Models\Man,1,2,52,scrap,3,2025-09-23 00:00:00.000,2025-07-11 08:33:17.000
1134,2,App\Models\Man,1,2,52,finishing,3,2025-09-23 00:00:00.000,2025-07-11 08:33:17.000
1135,2,App\Models\Man,1,2,60,scrap,3,2025-09-24 00:00:00.000,2025-07-11 08:33:17.000
1136,2,App\Models\Man,1,2,60,finishing,3,2025-09-24 00:00:00.000,2025-07-11 08:33:17.000
1137,2,App\Models\Man,1,2,55,scrap,3,2025-09-25 00:00:00.000,2025-07-11 08:33:17.000
1138,2,App\Models\Man,1,2,55,finishing,3,2025-09-25 00:00:00.000,2025-07-11 08:33:17.000
1139,2,App\Models\Man,1,2,48,scrap,3,2025-09-26 00:00:00.000,2025-07-11 08:33:17.000
1140,2,App\Models\Man,1,2,48,finishing,3,2025-09-26 00:00:00.000,2025-07-11 08:33:17.000
1141,2,App\Models\Man,1,2,36,scrap,3,2025-09-29 00:00:00.000,2025-07-11 08:33:17.000
1142,2,App\Models\Man,1,2,36,finishing,3,2025-09-29 00:00:00.000,2025-07-11 08:33:17.000
1143,2,App\Models\Man,1,2,37,scrap,3,2025-09-30 00:00:00.000,2025-07-11 08:33:17.000
1144,2,App\Models\Man,1,2,37,finishing,3,2025-09-30 00:00:00.000,2025-07-11 08:33:17.000
1145,2,App\Models\Man,1,2,35,scrap,3,2025-10-01 00:00:00.000,2025-07-11 08:33:17.000
1146,2,App\Models\Man,1,2,35,finishing,3,2025-10-01 00:00:00.000,2025-07-11 08:33:17.000
1147,2,App\Models\Man,1,2,46,scrap,3,2025-10-02 00:00:00.000,2025-07-11 08:33:17.000
1148,2,App\Models\Man,1,2,46,finishing,3,2025-10-02 00:00:00.000,2025-07-11 08:33:17.000
1149,2,App\Models\Man,1,2,46,scrap,3,2025-10-03 00:00:00.000,2025-07-11 08:33:17.000
1150,2,App\Models\Man,1,2,46,finishing,3,2025-10-03 00:00:00.000,2025-07-11 08:33:17.000
1151,2,App\Models\Man,1,2,55,scrap,3,2025-10-06 00:00:00.000,2025-07-11 08:33:17.000
1152,2,App\Models\Man,1,2,55,finishing,3,2025-10-06 00:00:00.000,2025-07-11 08:33:17.000
1153,2,App\Models\Man,1,2,34,scrap,3,2025-10-07 00:00:00.000,2025-07-11 08:33:17.000
1154,2,App\Models\Man,1,2,34,finishing,3,2025-10-07 00:00:00.000,2025-07-11 08:33:17.000
1155,2,App\Models\Man,1,2,34,scrap,3,2025-10-08 00:00:00.000,2025-07-11 08:33:17.000
1156,2,App\Models\Man,1,2,34,finishing,3,2025-10-08 00:00:00.000,2025-07-11 08:33:17.000
1157,2,App\Models\Man,1,2,57,scrap,3,2025-10-09 00:00:00.000,2025-07-11 08:33:17.000
1158,2,App\Models\Man,1,2,57,finishing,3,2025-10-09 00:00:00.000,2025-07-11 08:33:17.000
1159,2,App\Models\Man,1,2,37,scrap,3,2025-10-10 00:00:00.000,2025-07-11 08:33:17.000
1160,2,App\Models\Man,1,2,37,finishing,3,2025-10-10 00:00:00.000,2025-07-11 08:33:17.000
1161,2,App\Models\Man,1,2,57,scrap,3,2025-10-13 00:00:00.000,2025-07-11 08:33:17.000
1162,2,App\Models\Man,1,2,57,finishing,3,2025-10-13 00:00:00.000,2025-07-11 08:33:17.000
1163,2,App\Models\Man,1,2,57,scrap,3,2025-10-14 00:00:00.000,2025-07-11 08:33:17.000
1164,2,App\Models\Man,1,2,57,finishing,3,2025-10-14 00:00:00.000,2025-07-11 08:33:17.000
1165,2,App\Models\Man,1,2,40,scrap,3,2025-10-15 00:00:00.000,2025-07-11 08:33:17.000
1166,2,App\Models\Man,1,2,40,finishing,3,2025-10-15 00:00:00.000,2025-07-11 08:33:17.000
1167,2,App\Models\Man,1,2,49,scrap,3,2025-10-16 00:00:00.000,2025-07-11 08:33:17.000
1168,2,App\Models\Man,1,2,49,finishing,3,2025-10-16 00:00:00.000,2025-07-11 08:33:17.000
1169,2,App\Models\Man,1,2,45,scrap,3,2025-10-17 00:00:00.000,2025-07-11 08:33:17.000
1170,2,App\Models\Man,1,2,45,finishing,3,2025-10-17 00:00:00.000,2025-07-11 08:33:17.000
1171,2,App\Models\Man,1,2,54,scrap,3,2025-10-20 00:00:00.000,2025-07-11 08:33:17.000
1172,2,App\Models\Man,1,2,54,finishing,3,2025-10-20 00:00:00.000,2025-07-11 08:33:17.000
1173,2,App\Models\Man,1,2,45,scrap,3,2025-10-21 00:00:00.000,2025-07-11 08:33:17.000
1174,2,App\Models\Man,1,2,45,finishing,3,2025-10-21 00:00:00.000,2025-07-11 08:33:17.000
1175,2,App\Models\Man,1,2,41,scrap,3,2025-10-22 00:00:00.000,2025-07-11 08:33:17.000
1176,2,App\Models\Man,1,2,41,finishing,3,2025-10-22 00:00:00.000,2025-07-11 08:33:17.000
1177,2,App\Models\Man,1,2,31,scrap,3,2025-10-23 00:00:00.000,2025-07-11 08:33:17.000
1178,2,App\Models\Man,1,2,31,finishing,3,2025-10-23 00:00:00.000,2025-07-11 08:33:17.000
1179,2,App\Models\Man,1,2,58,scrap,3,2025-10-24 00:00:00.000,2025-07-11 08:33:17.000
1180,2,App\Models\Man,1,2,58,finishing,3,2025-10-24 00:00:00.000,2025-07-11 08:33:17.000
1181,2,App\Models\Man,1,2,41,scrap,3,2025-10-27 00:00:00.000,2025-07-11 08:33:17.000
1182,2,App\Models\Man,1,2,41,finishing,3,2025-10-27 00:00:00.000,2025-07-11 08:33:17.000
1183,2,App\Models\Man,1,2,34,scrap,3,2025-10-28 00:00:00.000,2025-07-11 08:33:17.000
1184,2,App\Models\Man,1,2,34,finishing,3,2025-10-28 00:00:00.000,2025-07-11 08:33:17.000
1185,2,App\Models\Man,1,2,51,scrap,3,2025-10-29 00:00:00.000,2025-07-11 08:33:17.000
1186,2,App\Models\Man,1,2,51,finishing,3,2025-10-29 00:00:00.000,2025-07-11 08:33:17.000
1187,2,App\Models\Man,1,2,49,scrap,3,2025-10-30 00:00:00.000,2025-07-11 08:33:17.000
1188,2,App\Models\Man,1,2,49,finishing,3,2025-10-30 00:00:00.000,2025-07-11 08:33:17.000
1189,2,App\Models\Man,1,2,37,scrap,3,2025-10-31 00:00:00.000,2025-07-11 08:33:17.000
1190,2,App\Models\Man,1,2,37,finishing,3,2025-10-31 00:00:00.000,2025-07-11 08:33:17.000
1191,2,App\Models\Man,1,2,30,scrap,3,2025-11-03 00:00:00.000,2025-07-11 08:33:17.000
1192,2,App\Models\Man,1,2,30,finishing,3,2025-11-03 00:00:00.000,2025-07-11 08:33:17.000
1193,2,App\Models\Man,1,2,30,scrap,3,2025-11-04 00:00:00.000,2025-07-11 08:33:17.000
1194,2,App\Models\Man,1,2,30,finishing,3,2025-11-04 00:00:00.000,2025-07-11 08:33:17.000
1195,2,App\Models\Man,1,2,39,scrap,3,2025-11-05 00:00:00.000,2025-07-11 08:33:17.000
1196,2,App\Models\Man,1,2,39,finishing,3,2025-11-05 00:00:00.000,2025-07-11 08:33:17.000
1197,2,App\Models\Man,1,2,41,scrap,3,2025-11-06 00:00:00.000,2025-07-11 08:33:17.000
1198,2,App\Models\Man,1,2,41,finishing,3,2025-11-06 00:00:00.000,2025-07-11 08:33:17.000
1199,2,App\Models\Man,1,2,59,scrap,3,2025-11-07 00:00:00.000,2025-07-11 08:33:17.000
1200,2,App\Models\Man,1,2,59,finishing,3,2025-11-07 00:00:00.000,2025-07-11 08:33:17.000
1201,2,App\Models\Man,1,2,55,scrap,3,2025-11-10 00:00:00.000,2025-07-11 08:33:17.000
1202,2,App\Models\Man,1,2,55,finishing,3,2025-11-10 00:00:00.000,2025-07-11 08:33:17.000
1203,2,App\Models\Man,1,2,33,scrap,3,2025-11-11 00:00:00.000,2025-07-11 08:33:17.000
1204,2,App\Models\Man,1,2,33,finishing,3,2025-11-11 00:00:00.000,2025-07-11 08:33:17.000
1205,2,App\Models\Man,1,2,30,scrap,3,2025-11-12 00:00:00.000,2025-07-11 08:33:17.000
1206,2,App\Models\Man,1,2,30,finishing,3,2025-11-12 00:00:00.000,2025-07-11 08:33:17.000
1207,2,App\Models\Man,1,2,53,scrap,3,2025-11-13 00:00:00.000,2025-07-11 08:33:17.000
1208,2,App\Models\Man,1,2,53,finishing,3,2025-11-13 00:00:00.000,2025-07-11 08:33:17.000
1209,2,App\Models\Man,1,2,51,scrap,3,2025-11-14 00:00:00.000,2025-07-11 08:33:17.000
1210,2,App\Models\Man,1,2,51,finishing,3,2025-11-14 00:00:00.000,2025-07-11 08:33:17.000
1211,2,App\Models\Man,1,2,32,scrap,3,2025-11-17 00:00:00.000,2025-07-11 08:33:17.000
1212,2,App\Models\Man,1,2,32,finishing,3,2025-11-17 00:00:00.000,2025-07-11 08:33:17.000
1213,2,App\Models\Man,1,2,40,scrap,3,2025-11-18 00:00:00.000,2025-07-11 08:33:17.000
1214,2,App\Models\Man,1,2,40,finishing,3,2025-11-18 00:00:00.000,2025-07-11 08:33:17.000
1215,2,App\Models\Man,1,2,45,scrap,3,2025-11-19 00:00:00.000,2025-07-11 08:33:17.000
1216,2,App\Models\Man,1,2,45,finishing,3,2025-11-19 00:00:00.000,2025-07-11 08:33:17.000
1217,2,App\Models\Man,1,2,41,scrap,3,2025-11-20 00:00:00.000,2025-07-11 08:33:17.000
1218,2,App\Models\Man,1,2,41,finishing,3,2025-11-20 00:00:00.000,2025-07-11 08:33:17.000
1219,2,App\Models\Man,1,2,33,scrap,3,2025-11-21 00:00:00.000,2025-07-11 08:33:17.000
1220,2,App\Models\Man,1,2,33,finishing,3,2025-11-21 00:00:00.000,2025-07-11 08:33:17.000
1221,2,App\Models\Man,1,2,41,scrap,3,2025-11-24 00:00:00.000,2025-07-11 08:33:17.000
1222,2,App\Models\Man,1,2,41,finishing,3,2025-11-24 00:00:00.000,2025-07-11 08:33:17.000
1223,2,App\Models\Man,1,2,42,scrap,3,2025-11-25 00:00:00.000,2025-07-11 08:33:17.000
1224,2,App\Models\Man,1,2,42,finishing,3,2025-11-25 00:00:00.000,2025-07-11 08:33:17.000
1225,2,App\Models\Man,1,2,31,scrap,3,2025-11-26 00:00:00.000,2025-07-11 08:33:17.000
1226,2,App\Models\Man,1,2,31,finishing,3,2025-11-26 00:00:00.000,2025-07-11 08:33:17.000
1227,2,App\Models\Man,1,2,58,scrap,3,2025-11-27 00:00:00.000,2025-07-11 08:33:17.000
1228,2,App\Models\Man,1,2,58,finishing,3,2025-11-27 00:00:00.000,2025-07-11 08:33:17.000
1229,2,App\Models\Man,1,2,39,scrap,3,2025-11-28 00:00:00.000,2025-07-11 08:33:17.000
1230,2,App\Models\Man,1,2,39,finishing,3,2025-11-28 00:00:00.000,2025-07-11 08:33:17.000
1231,2,App\Models\Man,1,2,51,scrap,3,2025-12-01 00:00:00.000,2025-07-11 08:33:17.000
1232,2,App\Models\Man,1,2,51,finishing,3,2025-12-01 00:00:00.000,2025-07-11 08:33:17.000
1233,2,App\Models\Man,1,2,52,scrap,3,2025-12-02 00:00:00.000,2025-07-11 08:33:17.000
1234,2,App\Models\Man,1,2,52,finishing,3,2025-12-02 00:00:00.000,2025-07-11 08:33:17.000
1235,2,App\Models\Man,1,2,60,scrap,3,2025-12-03 00:00:00.000,2025-07-11 08:33:17.000
1236,2,App\Models\Man,1,2,60,finishing,3,2025-12-03 00:00:00.000,2025-07-11 08:33:17.000
1237,2,App\Models\Man,1,2,55,scrap,3,2025-12-04 00:00:00.000,2025-07-11 08:33:17.000
1238,2,App\Models\Man,1,2,55,finishing,3,2025-12-04 00:00:00.000,2025-07-11 08:33:17.000
1239,2,App\Models\Man,1,2,48,scrap,3,2025-12-05 00:00:00.000,2025-07-11 08:33:17.000
1240,2,App\Models\Man,1,2,48,finishing,3,2025-12-05 00:00:00.000,2025-07-11 08:33:17.000
1241,2,App\Models\Man,1,2,36,scrap,3,2025-12-08 00:00:00.000,2025-07-11 08:33:17.000
1242,2,App\Models\Man,1,2,36,finishing,3,2025-12-08 00:00:00.000,2025-07-11 08:33:17.000
1243,2,App\Models\Man,1,2,37,scrap,3,2025-12-09 00:00:00.000,2025-07-11 08:33:17.000
1244,2,App\Models\Man,1,2,37,finishing,3,2025-12-09 00:00:00.000,2025-07-11 08:33:17.000
1245,2,App\Models\Man,1,2,35,scrap,3,2025-12-10 00:00:00.000,2025-07-11 08:33:17.000
1246,2,App\Models\Man,1,2,35,finishing,3,2025-12-10 00:00:00.000,2025-07-11 08:33:17.000
1247,2,App\Models\Man,1,2,46,scrap,3,2025-12-11 00:00:00.000,2025-07-11 08:33:17.000
1248,2,App\Models\Man,1,2,46,finishing,3,2025-12-11 00:00:00.000,2025-07-11 08:33:17.000
1249,2,App\Models\Man,1,2,46,scrap,3,2025-12-12 00:00:00.000,2025-07-11 08:33:17.000
1250,2,App\Models\Man,1,2,46,finishing,3,2025-12-12 00:00:00.000,2025-07-11 08:33:17.000
1251,2,App\Models\Man,1,2,55,scrap,3,2025-12-15 00:00:00.000,2025-07-11 08:33:17.000
1252,2,App\Models\Man,1,2,55,finishing,3,2025-12-15 00:00:00.000,2025-07-11 08:33:17.000
1253,2,App\Models\Man,1,2,34,scrap,3,2025-12-16 00:00:00.000,2025-07-11 08:33:17.000
1254,2,App\Models\Man,1,2,34,finishing,3,2025-12-16 00:00:00.000,2025-07-11 08:33:17.000
1255,2,App\Models\Man,1,2,34,scrap,3,2025-12-17 00:00:00.000,2025-07-11 08:33:17.000
1256,2,App\Models\Man,1,2,34,finishing,3,2025-12-17 00:00:00.000,2025-07-11 08:33:17.000
1257,2,App\Models\Man,1,2,57,scrap,3,2025-12-18 00:00:00.000,2025-07-11 08:33:17.000
1258,2,App\Models\Man,1,2,57,finishing,3,2025-12-18 00:00:00.000,2025-07-11 08:33:17.000
1259,2,App\Models\Man,1,2,37,scrap,3,2025-12-19 00:00:00.000,2025-07-11 08:33:17.000
1260,2,App\Models\Man,1,2,37,finishing,3,2025-12-19 00:00:00.000,2025-07-11 08:33:17.000
1261,2,App\Models\Man,1,2,57,scrap,3,2025-12-22 00:00:00.000,2025-07-11 08:33:17.000
1262,2,App\Models\Man,1,2,57,finishing,3,2025-12-22 00:00:00.000,2025-07-11 08:33:17.000
1263,2,App\Models\Man,1,2,57,scrap,3,2025-12-23 00:00:00.000,2025-07-11 08:33:17.000
1264,2,App\Models\Man,1,2,57,finishing,3,2025-12-23 00:00:00.000,2025-07-11 08:33:17.000
1265,2,App\Models\Man,1,2,40,scrap,3,2025-12-24 00:00:00.000,2025-07-11 08:33:17.000
1266,2,App\Models\Man,1,2,40,finishing,3,2025-12-24 00:00:00.000,2025-07-11 08:33:17.000
1267,2,App\Models\Man,1,2,49,scrap,3,2025-12-25 00:00:00.000,2025-07-11 08:33:17.000
1268,2,App\Models\Man,1,2,49,finishing,3,2025-12-25 00:00:00.000,2025-07-11 08:33:17.000
1269,2,App\Models\Man,1,2,45,scrap,3,2025-12-26 00:00:00.000,2025-07-11 08:33:17.000
1270,2,App\Models\Man,1,2,45,finishing,3,2025-12-26 00:00:00.000,2025-07-11 08:33:17.000
1271,2,App\Models\Man,1,2,54,scrap,3,2025-12-29 00:00:00.000,2025-07-11 08:33:17.000
1272,2,App\Models\Man,1,2,54,finishing,3,2025-12-29 00:00:00.000,2025-07-11 08:33:17.000
1273,2,App\Models\Man,1,2,45,scrap,3,2025-12-30 00:00:00.000,2025-07-11 08:33:17.000
1274,2,App\Models\Man,1,2,45,finishing,3,2025-12-30 00:00:00.000,2025-07-11 08:33:17.000
1275,2,App\Models\Man,1,2,41,scrap,3,2025-12-31 00:00:00.000,2025-07-11 08:33:17.000
1276,2,App\Models\Man,1,2,41,finishing,3,2025-12-31 00:00:00.000,2025-07-11 08:33:17.000
1277,2,App\Models\Man,1,2,31,scrap,3,2026-01-01 00:00:00.000,2025-07-11 08:33:17.000
1278,2,App\Models\Man,1,2,31,finishing,3,2026-01-01 00:00:00.000,2025-07-11 08:33:17.000
1279,2,App\Models\Man,1,2,58,scrap,3,2026-01-02 00:00:00.000,2025-07-11 08:33:17.000
1280,2,App\Models\Man,1,2,58,finishing,3,2026-01-02 00:00:00.000,2025-07-11 08:33:17.000
1281,2,App\Models\Man,1,2,41,scrap,3,2026-01-05 00:00:00.000,2025-07-11 08:33:17.000
1282,2,App\Models\Man,1,2,41,finishing,3,2026-01-05 00:00:00.000,2025-07-11 08:33:17.000
1283,2,App\Models\Man,1,2,34,scrap,3,2026-01-06 00:00:00.000,2025-07-11 08:33:17.000
1284,2,App\Models\Man,1,2,34,finishing,3,2026-01-06 00:00:00.000,2025-07-11 08:33:17.000
1285,2,App\Models\Man,1,2,51,scrap,3,2026-01-07 00:00:00.000,2025-07-11 08:33:17.000
1286,2,App\Models\Man,1,2,51,finishing,3,2026-01-07 00:00:00.000,2025-07-11 08:33:17.000
1287,2,App\Models\Man,1,2,49,scrap,3,2026-01-08 00:00:00.000,2025-07-11 08:33:17.000
1288,2,App\Models\Man,1,2,49,finishing,3,2026-01-08 00:00:00.000,2025-07-11 08:33:17.000
1289,2,App\Models\Man,1,2,37,scrap,3,2026-01-09 00:00:00.000,2025-07-11 08:33:17.000
1290,2,App\Models\Man,1,2,37,finishing,3,2026-01-09 00:00:00.000,2025-07-11 08:33:17.000
1291,2,App\Models\Man,1,2,30,scrap,3,2026-01-12 00:00:00.000,2025-07-11 08:33:17.000
1292,2,App\Models\Man,1,2,30,finishing,3,2026-01-12 00:00:00.000,2025-07-11 08:33:17.000
1293,2,App\Models\Man,1,2,30,scrap,3,2026-01-13 00:00:00.000,2025-07-11 08:33:17.000
1294,2,App\Models\Man,1,2,30,finishing,3,2026-01-13 00:00:00.000,2025-07-11 08:33:17.000
1295,2,App\Models\Man,1,2,39,scrap,3,2026-01-14 00:00:00.000,2025-07-11 08:33:17.000
1296,2,App\Models\Man,1,2,39,finishing,3,2026-01-14 00:00:00.000,2025-07-11 08:33:17.000
1297,2,App\Models\Man,1,2,41,scrap,3,2026-01-15 00:00:00.000,2025-07-11 08:33:17.000
1298,2,App\Models\Man,1,2,41,finishing,3,2026-01-15 00:00:00.000,2025-07-11 08:33:17.000
1299,2,App\Models\Man,1,2,59,scrap,3,2026-01-16 00:00:00.000,2025-07-11 08:33:17.000
1300,2,App\Models\Man,1,2,59,finishing,3,2026-01-16 00:00:00.000,2025-07-11 08:33:17.000
1301,2,App\Models\Man,1,2,55,scrap,3,2026-01-19 00:00:00.000,2025-07-11 08:33:17.000
1302,2,App\Models\Man,1,2,55,finishing,3,2026-01-19 00:00:00.000,2025-07-11 08:33:17.000
1303,2,App\Models\Man,1,2,33,scrap,3,2026-01-20 00:00:00.000,2025-07-11 08:33:17.000
1304,2,App\Models\Man,1,2,33,finishing,3,2026-01-20 00:00:00.000,2025-07-11 08:33:17.000
1305,2,App\Models\Man,1,2,30,scrap,3,2026-01-21 00:00:00.000,2025-07-11 08:33:17.000
1306,2,App\Models\Man,1,2,30,finishing,3,2026-01-21 00:00:00.000,2025-07-11 08:33:17.000
1307,2,App\Models\Man,1,2,53,scrap,3,2026-01-22 00:00:00.000,2025-07-11 08:33:17.000
1308,2,App\Models\Man,1,2,53,finishing,3,2026-01-22 00:00:00.000,2025-07-11 08:33:17.000
1309,2,App\Models\Man,1,2,51,scrap,3,2026-01-23 00:00:00.000,2025-07-11 08:33:17.000
1310,2,App\Models\Man,1,2,51,finishing,3,2026-01-23 00:00:00.000,2025-07-11 08:33:17.000
1311,2,App\Models\Man,1,2,32,scrap,3,2026-01-26 00:00:00.000,2025-07-11 08:33:17.000
1312,2,App\Models\Man,1,2,32,finishing,3,2026-01-26 00:00:00.000,2025-07-11 08:33:17.000
1313,2,App\Models\Man,1,2,40,scrap,3,2026-01-27 00:00:00.000,2025-07-11 08:33:17.000
1314,2,App\Models\Man,1,2,40,finishing,3,2026-01-27 00:00:00.000,2025-07-11 08:33:17.000
1315,2,App\Models\Man,1,2,45,scrap,3,2026-01-28 00:00:00.000,2025-07-11 08:33:17.000
1316,2,App\Models\Man,1,2,45,finishing,3,2026-01-28 00:00:00.000,2025-07-11 08:33:17.000
1317,2,App\Models\Man,1,2,41,scrap,3,2026-01-29 00:00:00.000,2025-07-11 08:33:17.000
1318,2,App\Models\Man,1,2,41,finishing,3,2026-01-29 00:00:00.000,2025-07-11 08:33:17.000
1319,2,App\Models\Man,1,2,33,scrap,3,2026-01-30 00:00:00.000,2025-07-11 08:33:17.000
1320,2,App\Models\Man,1,2,33,finishing,3,2026-01-30 00:00:00.000,2025-07-11 08:33:17.000
1321,2,App\Models\Man,1,2,41,scrap,3,2026-02-02 00:00:00.000,2025-07-11 08:33:17.000
1322,2,App\Models\Man,1,2,41,finishing,3,2026-02-02 00:00:00.000,2025-07-11 08:33:17.000
1323,2,App\Models\Man,1,2,42,scrap,3,2026-02-03 00:00:00.000,2025-07-11 08:33:17.000
1324,2,App\Models\Man,1,2,42,finishing,3,2026-02-03 00:00:00.000,2025-07-11 08:33:17.000
1325,2,App\Models\Man,1,2,31,scrap,3,2026-02-04 00:00:00.000,2025-07-11 08:33:17.000
1326,2,App\Models\Man,1,2,31,finishing,3,2026-02-04 00:00:00.000,2025-07-11 08:33:17.000
1327,2,App\Models\Man,1,2,58,scrap,3,2026-02-05 00:00:00.000,2025-07-11 08:33:17.000
1328,2,App\Models\Man,1,2,58,finishing,3,2026-02-05 00:00:00.000,2025-07-11 08:33:17.000
1329,2,App\Models\Man,1,2,39,scrap,3,2026-02-06 00:00:00.000,2025-07-11 08:33:17.000
1330,2,App\Models\Man,1,2,39,finishing,3,2026-02-06 00:00:00.000,2025-07-11 08:33:17.000
